,Alpha,Delta,Beta,Gamma,Label,channel
0,(17.126143070082815+0j),(1434.4209980929134+0j),(4.7290877202834505+0j),(1.3191461850667643+0j),Non_ADHD,A
1,(1.9035494379778905e-08+0j),(8.839208749072854e-08+0j),(8.909335500028807e-09+0j),(3.259062353607602e-10+0j),Non_ADHD,B
2,(1.103940518940607e-08+0j),(2.0404627078432958e-08+0j),(6.2965566607948974e-09+0j),(2.0884034933077726e-10+0j),Non_ADHD,C
3,(1.108799317415138e-08+0j),(3.930446837026337e-08+0j),(1.183012702423081e-08+0j),(1.261700334607794e-09+0j),Non_ADHD,D
4,(4.416488845879002e-09+0j),(3.5385983042199653e-09+0j),(3.174963956965538e-09+0j),(1.942529673587103e-10+0j),Non_ADHD,E
5,(3.6852514923257346e-09+0j),(1.2318290094037678e-07+0j),(1.1149530601489274e-09+0j),(1.5212105223522044e-10+0j),Non_ADHD,F
6,(1.3040425753357755e-08+0j),(5.991020416572615e-09+0j),(8.106773181459512e-09+0j),(9.359845653835672e-10+0j),Non_ADHD,G
7,(17.126143070082815+0j),(1434.4209980929134+0j),(4.7290877202834505+0j),(1.3191461850667643+0j),Non_ADHD,A
8,(1.9035494379778905e-08+0j),(8.839208749072854e-08+0j),(8.909335500028807e-09+0j),(3.259062353607602e-10+0j),Non_ADHD,B
9,(1.103940518940607e-08+0j),(2.0404627078432958e-08+0j),(6.2965566607948974e-09+0j),(2.0884034933077726e-10+0j),Non_ADHD,C
10,(1.108799317415138e-08+0j),(3.930446837026337e-08+0j),(1.183012702423081e-08+0j),(1.261700334607794e-09+0j),Non_ADHD,D
11,(4.416488845879002e-09+0j),(3.5385983042199653e-09+0j),(3.174963956965538e-09+0j),(1.942529673587103e-10+0j),Non_ADHD,E
12,(3.6852514923257346e-09+0j),(1.2318290094037678e-07+0j),(1.1149530601489274e-09+0j),(1.5212105223522044e-10+0j),Non_ADHD,F
13,(1.3040425753357755e-08+0j),(5.991020416572615e-09+0j),(8.106773181459512e-09+0j),(9.359845653835672e-10+0j),Non_ADHD,G
14,(17.126143070082815+0j),(1434.4209980929134+0j),(4.7290877202834505+0j),(1.3191461850667643+0j),Non_ADHD,A
15,(1.9035494379778905e-08+0j),(8.839208749072854e-08+0j),(8.909335500028807e-09+0j),(3.259062353607602e-10+0j),Non_ADHD,B
16,(1.103940518940607e-08+0j),(2.0404627078432958e-08+0j),(6.2965566607948974e-09+0j),(2.0884034933077726e-10+0j),Non_ADHD,C
17,(1.108799317415138e-08+0j),(3.930446837026337e-08+0j),(1.183012702423081e-08+0j),(1.261700334607794e-09+0j),Non_ADHD,D
18,(4.416488845879002e-09+0j),(3.5385983042199653e-09+0j),(3.174963956965538e-09+0j),(1.942529673587103e-10+0j),Non_ADHD,E
19,(3.6852514923257346e-09+0j),(1.2318290094037678e-07+0j),(1.1149530601489274e-09+0j),(1.5212105223522044e-10+0j),Non_ADHD,F
20,(1.3040425753357755e-08+0j),(5.991020416572615e-09+0j),(8.106773181459512e-09+0j),(9.359845653835672e-10+0j),Non_ADHD,G
21,(17.126143070082815+0j),(1434.4209980929134+0j),(4.7290877202834505+0j),(1.3191461850667643+0j),Non_ADHD,A
22,(1.9035494379778905e-08+0j),(8.839208749072854e-08+0j),(8.909335500028807e-09+0j),(3.259062353607602e-10+0j),Non_ADHD,B
23,(1.103940518940607e-08+0j),(2.0404627078432958e-08+0j),(6.2965566607948974e-09+0j),(2.0884034933077726e-10+0j),Non_ADHD,C
24,(1.108799317415138e-08+0j),(3.930446837026337e-08+0j),(1.183012702423081e-08+0j),(1.261700334607794e-09+0j),Non_ADHD,D
25,(4.416488845879002e-09+0j),(3.5385983042199653e-09+0j),(3.174963956965538e-09+0j),(1.942529673587103e-10+0j),Non_ADHD,E
26,(3.6852514923257346e-09+0j),(1.2318290094037678e-07+0j),(1.1149530601489274e-09+0j),(1.5212105223522044e-10+0j),Non_ADHD,F
27,(1.3040425753357755e-08+0j),(5.991020416572615e-09+0j),(8.106773181459512e-09+0j),(9.359845653835672e-10+0j),Non_ADHD,G
28,(17.126143070082815+0j),(1434.4209980929134+0j),(4.7290877202834505+0j),(1.3191461850667643+0j),Non_ADHD,A
29,(1.9035494379778905e-08+0j),(8.839208749072854e-08+0j),(8.909335500028807e-09+0j),(3.259062353607602e-10+0j),Non_ADHD,B
30,(1.103940518940607e-08+0j),(2.0404627078432958e-08+0j),(6.2965566607948974e-09+0j),(2.0884034933077726e-10+0j),Non_ADHD,C
31,(1.108799317415138e-08+0j),(3.930446837026337e-08+0j),(1.183012702423081e-08+0j),(1.261700334607794e-09+0j),Non_ADHD,D
32,(4.416488845879002e-09+0j),(3.5385983042199653e-09+0j),(3.174963956965538e-09+0j),(1.942529673587103e-10+0j),Non_ADHD,E
33,(3.6852514923257346e-09+0j),(1.2318290094037678e-07+0j),(1.1149530601489274e-09+0j),(1.5212105223522044e-10+0j),Non_ADHD,F
34,(1.3040425753357755e-08+0j),(5.991020416572615e-09+0j),(8.106773181459512e-09+0j),(9.359845653835672e-10+0j),Non_ADHD,G
35,(17.126143070082815+0j),(1434.4209980929134+0j),(4.7290877202834505+0j),(1.3191461850667643+0j),Non_ADHD,A
36,(1.9035494379778905e-08+0j),(8.839208749072854e-08+0j),(8.909335500028807e-09+0j),(3.259062353607602e-10+0j),Non_ADHD,B
37,(1.103940518940607e-08+0j),(2.0404627078432958e-08+0j),(6.2965566607948974e-09+0j),(2.0884034933077726e-10+0j),Non_ADHD,C
38,(1.108799317415138e-08+0j),(3.930446837026337e-08+0j),(1.183012702423081e-08+0j),(1.261700334607794e-09+0j),Non_ADHD,D
39,(4.416488845879002e-09+0j),(3.5385983042199653e-09+0j),(3.174963956965538e-09+0j),(1.942529673587103e-10+0j),Non_ADHD,E
40,(3.6852514923257346e-09+0j),(1.2318290094037678e-07+0j),(1.1149530601489274e-09+0j),(1.5212105223522044e-10+0j),Non_ADHD,F
41,(1.3040425753357755e-08+0j),(5.991020416572615e-09+0j),(8.106773181459512e-09+0j),(9.359845653835672e-10+0j),Non_ADHD,G
42,(17.126143070082815+0j),(1434.4209980929134+0j),(4.7290877202834505+0j),(1.3191461850667643+0j),Non_ADHD,A
43,(1.9035494379778905e-08+0j),(8.839208749072854e-08+0j),(8.909335500028807e-09+0j),(3.259062353607602e-10+0j),Non_ADHD,B
44,(1.103940518940607e-08+0j),(2.0404627078432958e-08+0j),(6.2965566607948974e-09+0j),(2.0884034933077726e-10+0j),Non_ADHD,C
45,(1.108799317415138e-08+0j),(3.930446837026337e-08+0j),(1.183012702423081e-08+0j),(1.261700334607794e-09+0j),Non_ADHD,D
46,(4.416488845879002e-09+0j),(3.5385983042199653e-09+0j),(3.174963956965538e-09+0j),(1.942529673587103e-10+0j),Non_ADHD,E
47,(3.6852514923257346e-09+0j),(1.2318290094037678e-07+0j),(1.1149530601489274e-09+0j),(1.5212105223522044e-10+0j),Non_ADHD,F
48,(1.3040425753357755e-08+0j),(5.991020416572615e-09+0j),(8.106773181459512e-09+0j),(9.359845653835672e-10+0j),Non_ADHD,G
49,(17.126143070082815+0j),(1434.4209980929134+0j),(4.7290877202834505+0j),(1.3191461850667643+0j),Non_ADHD,A
50,(1.9035494379778905e-08+0j),(8.839208749072854e-08+0j),(8.909335500028807e-09+0j),(3.259062353607602e-10+0j),Non_ADHD,B
51,(1.103940518940607e-08+0j),(2.0404627078432958e-08+0j),(6.2965566607948974e-09+0j),(2.0884034933077726e-10+0j),Non_ADHD,C
52,(1.108799317415138e-08+0j),(3.930446837026337e-08+0j),(1.183012702423081e-08+0j),(1.261700334607794e-09+0j),Non_ADHD,D
53,(4.416488845879002e-09+0j),(3.5385983042199653e-09+0j),(3.174963956965538e-09+0j),(1.942529673587103e-10+0j),Non_ADHD,E
54,(3.6852514923257346e-09+0j),(1.2318290094037678e-07+0j),(1.1149530601489274e-09+0j),(1.5212105223522044e-10+0j),Non_ADHD,F
55,(1.3040425753357755e-08+0j),(5.991020416572615e-09+0j),(8.106773181459512e-09+0j),(9.359845653835672e-10+0j),Non_ADHD,G
56,(17.126143070082815+0j),(1434.4209980929134+0j),(4.7290877202834505+0j),(1.3191461850667643+0j),Non_ADHD,A
57,(1.9035494379778905e-08+0j),(8.839208749072854e-08+0j),(8.909335500028807e-09+0j),(3.259062353607602e-10+0j),Non_ADHD,B
58,(1.103940518940607e-08+0j),(2.0404627078432958e-08+0j),(6.2965566607948974e-09+0j),(2.0884034933077726e-10+0j),Non_ADHD,C
59,(1.108799317415138e-08+0j),(3.930446837026337e-08+0j),(1.183012702423081e-08+0j),(1.261700334607794e-09+0j),Non_ADHD,D
60,(4.416488845879002e-09+0j),(3.5385983042199653e-09+0j),(3.174963956965538e-09+0j),(1.942529673587103e-10+0j),Non_ADHD,E
61,(3.6852514923257346e-09+0j),(1.2318290094037678e-07+0j),(1.1149530601489274e-09+0j),(1.5212105223522044e-10+0j),Non_ADHD,F
62,(1.3040425753357755e-08+0j),(5.991020416572615e-09+0j),(8.106773181459512e-09+0j),(9.359845653835672e-10+0j),Non_ADHD,G
63,(17.126143070082815+0j),(1434.4209980929134+0j),(4.7290877202834505+0j),(1.3191461850667643+0j),Non_ADHD,A
64,(1.9035494379778905e-08+0j),(8.839208749072854e-08+0j),(8.909335500028807e-09+0j),(3.259062353607602e-10+0j),Non_ADHD,B
65,(1.103940518940607e-08+0j),(2.0404627078432958e-08+0j),(6.2965566607948974e-09+0j),(2.0884034933077726e-10+0j),Non_ADHD,C
66,(1.108799317415138e-08+0j),(3.930446837026337e-08+0j),(1.183012702423081e-08+0j),(1.261700334607794e-09+0j),Non_ADHD,D
67,(4.416488845879002e-09+0j),(3.5385983042199653e-09+0j),(3.174963956965538e-09+0j),(1.942529673587103e-10+0j),Non_ADHD,E
68,(3.6852514923257346e-09+0j),(1.2318290094037678e-07+0j),(1.1149530601489274e-09+0j),(1.5212105223522044e-10+0j),Non_ADHD,F
69,(1.3040425753357755e-08+0j),(5.991020416572615e-09+0j),(8.106773181459512e-09+0j),(9.359845653835672e-10+0j),Non_ADHD,G
70,(17.126143070082815+0j),(1434.4209980929134+0j),(4.7290877202834505+0j),(1.3191461850667643+0j),Non_ADHD,A
71,(1.9035494379778905e-08+0j),(8.839208749072854e-08+0j),(8.909335500028807e-09+0j),(3.259062353607602e-10+0j),Non_ADHD,B
72,(1.103940518940607e-08+0j),(2.0404627078432958e-08+0j),(6.2965566607948974e-09+0j),(2.0884034933077726e-10+0j),Non_ADHD,C
73,(1.108799317415138e-08+0j),(3.930446837026337e-08+0j),(1.183012702423081e-08+0j),(1.261700334607794e-09+0j),Non_ADHD,D
74,(4.416488845879002e-09+0j),(3.5385983042199653e-09+0j),(3.174963956965538e-09+0j),(1.942529673587103e-10+0j),Non_ADHD,E
75,(3.6852514923257346e-09+0j),(1.2318290094037678e-07+0j),(1.1149530601489274e-09+0j),(1.5212105223522044e-10+0j),Non_ADHD,F
76,(1.3040425753357755e-08+0j),(5.991020416572615e-09+0j),(8.106773181459512e-09+0j),(9.359845653835672e-10+0j),Non_ADHD,G
77,(17.126143070082815+0j),(1434.4209980929134+0j),(4.7290877202834505+0j),(1.3191461850667643+0j),Non_ADHD,A
78,(1.9035494379778905e-08+0j),(8.839208749072854e-08+0j),(8.909335500028807e-09+0j),(3.259062353607602e-10+0j),Non_ADHD,B
79,(1.103940518940607e-08+0j),(2.0404627078432958e-08+0j),(6.2965566607948974e-09+0j),(2.0884034933077726e-10+0j),Non_ADHD,C
80,(1.108799317415138e-08+0j),(3.930446837026337e-08+0j),(1.183012702423081e-08+0j),(1.261700334607794e-09+0j),Non_ADHD,D
81,(4.416488845879002e-09+0j),(3.5385983042199653e-09+0j),(3.174963956965538e-09+0j),(1.942529673587103e-10+0j),Non_ADHD,E
82,(3.6852514923257346e-09+0j),(1.2318290094037678e-07+0j),(1.1149530601489274e-09+0j),(1.5212105223522044e-10+0j),Non_ADHD,F
83,(1.3040425753357755e-08+0j),(5.991020416572615e-09+0j),(8.106773181459512e-09+0j),(9.359845653835672e-10+0j),Non_ADHD,G
84,(17.126143070082815+0j),(1434.4209980929134+0j),(4.7290877202834505+0j),(1.3191461850667643+0j),Non_ADHD,A
85,(1.9035494379778905e-08+0j),(8.839208749072854e-08+0j),(8.909335500028807e-09+0j),(3.259062353607602e-10+0j),Non_ADHD,B
86,(1.103940518940607e-08+0j),(2.0404627078432958e-08+0j),(6.2965566607948974e-09+0j),(2.0884034933077726e-10+0j),Non_ADHD,C
87,(1.108799317415138e-08+0j),(3.930446837026337e-08+0j),(1.183012702423081e-08+0j),(1.261700334607794e-09+0j),Non_ADHD,D
88,(4.416488845879002e-09+0j),(3.5385983042199653e-09+0j),(3.174963956965538e-09+0j),(1.942529673587103e-10+0j),Non_ADHD,E
89,(3.6852514923257346e-09+0j),(1.2318290094037678e-07+0j),(1.1149530601489274e-09+0j),(1.5212105223522044e-10+0j),Non_ADHD,F
90,(1.3040425753357755e-08+0j),(5.991020416572615e-09+0j),(8.106773181459512e-09+0j),(9.359845653835672e-10+0j),Non_ADHD,G
91,(17.126143070082815+0j),(1434.4209980929134+0j),(4.7290877202834505+0j),(1.3191461850667643+0j),Non_ADHD,A
92,(1.9035494379778905e-08+0j),(8.839208749072854e-08+0j),(8.909335500028807e-09+0j),(3.259062353607602e-10+0j),Non_ADHD,B
93,(1.103940518940607e-08+0j),(2.0404627078432958e-08+0j),(6.2965566607948974e-09+0j),(2.0884034933077726e-10+0j),Non_ADHD,C
94,(1.108799317415138e-08+0j),(3.930446837026337e-08+0j),(1.183012702423081e-08+0j),(1.261700334607794e-09+0j),Non_ADHD,D
95,(4.416488845879002e-09+0j),(3.5385983042199653e-09+0j),(3.174963956965538e-09+0j),(1.942529673587103e-10+0j),Non_ADHD,E
96,(3.6852514923257346e-09+0j),(1.2318290094037678e-07+0j),(1.1149530601489274e-09+0j),(1.5212105223522044e-10+0j),Non_ADHD,F
97,(1.3040425753357755e-08+0j),(5.991020416572615e-09+0j),(8.106773181459512e-09+0j),(9.359845653835672e-10+0j),Non_ADHD,G
98,(17.126143070082815+0j),(1434.4209980929134+0j),(4.7290877202834505+0j),(1.3191461850667643+0j),Non_ADHD,A
99,(1.9035494379778905e-08+0j),(8.839208749072854e-08+0j),(8.909335500028807e-09+0j),(3.259062353607602e-10+0j),Non_ADHD,B
100,(1.103940518940607e-08+0j),(2.0404627078432958e-08+0j),(6.2965566607948974e-09+0j),(2.0884034933077726e-10+0j),Non_ADHD,C
101,(1.108799317415138e-08+0j),(3.930446837026337e-08+0j),(1.183012702423081e-08+0j),(1.261700334607794e-09+0j),Non_ADHD,D
102,(4.416488845879002e-09+0j),(3.5385983042199653e-09+0j),(3.174963956965538e-09+0j),(1.942529673587103e-10+0j),Non_ADHD,E
103,(3.6852514923257346e-09+0j),(1.2318290094037678e-07+0j),(1.1149530601489274e-09+0j),(1.5212105223522044e-10+0j),Non_ADHD,F
104,(1.3040425753357755e-08+0j),(5.991020416572615e-09+0j),(8.106773181459512e-09+0j),(9.359845653835672e-10+0j),Non_ADHD,G
105,(17.126143070082815+0j),(1434.4209980929134+0j),(4.7290877202834505+0j),(1.3191461850667643+0j),Non_ADHD,A
106,(1.9035494379778905e-08+0j),(8.839208749072854e-08+0j),(8.909335500028807e-09+0j),(3.259062353607602e-10+0j),Non_ADHD,B
107,(1.103940518940607e-08+0j),(2.0404627078432958e-08+0j),(6.2965566607948974e-09+0j),(2.0884034933077726e-10+0j),Non_ADHD,C
108,(1.108799317415138e-08+0j),(3.930446837026337e-08+0j),(1.183012702423081e-08+0j),(1.261700334607794e-09+0j),Non_ADHD,D
109,(4.416488845879002e-09+0j),(3.5385983042199653e-09+0j),(3.174963956965538e-09+0j),(1.942529673587103e-10+0j),Non_ADHD,E
110,(3.6852514923257346e-09+0j),(1.2318290094037678e-07+0j),(1.1149530601489274e-09+0j),(1.5212105223522044e-10+0j),Non_ADHD,F
111,(1.3040425753357755e-08+0j),(5.991020416572615e-09+0j),(8.106773181459512e-09+0j),(9.359845653835672e-10+0j),Non_ADHD,G
112,(17.126143070082815+0j),(1434.4209980929134+0j),(4.7290877202834505+0j),(1.3191461850667643+0j),Non_ADHD,A
113,(1.9035494379778905e-08+0j),(8.839208749072854e-08+0j),(8.909335500028807e-09+0j),(3.259062353607602e-10+0j),Non_ADHD,B
114,(1.103940518940607e-08+0j),(2.0404627078432958e-08+0j),(6.2965566607948974e-09+0j),(2.0884034933077726e-10+0j),Non_ADHD,C
115,(1.108799317415138e-08+0j),(3.930446837026337e-08+0j),(1.183012702423081e-08+0j),(1.261700334607794e-09+0j),Non_ADHD,D
116,(4.416488845879002e-09+0j),(3.5385983042199653e-09+0j),(3.174963956965538e-09+0j),(1.942529673587103e-10+0j),Non_ADHD,E
117,(3.6852514923257346e-09+0j),(1.2318290094037678e-07+0j),(1.1149530601489274e-09+0j),(1.5212105223522044e-10+0j),Non_ADHD,F
118,(1.3040425753357755e-08+0j),(5.991020416572615e-09+0j),(8.106773181459512e-09+0j),(9.359845653835672e-10+0j),Non_ADHD,G
119,(17.126143070082815+0j),(1434.4209980929134+0j),(4.7290877202834505+0j),(1.3191461850667643+0j),Non_ADHD,A
120,(1.9035494379778905e-08+0j),(8.839208749072854e-08+0j),(8.909335500028807e-09+0j),(3.259062353607602e-10+0j),Non_ADHD,B
121,(1.103940518940607e-08+0j),(2.0404627078432958e-08+0j),(6.2965566607948974e-09+0j),(2.0884034933077726e-10+0j),Non_ADHD,C
122,(1.108799317415138e-08+0j),(3.930446837026337e-08+0j),(1.183012702423081e-08+0j),(1.261700334607794e-09+0j),Non_ADHD,D
123,(4.416488845879002e-09+0j),(3.5385983042199653e-09+0j),(3.174963956965538e-09+0j),(1.942529673587103e-10+0j),Non_ADHD,E
124,(3.6852514923257346e-09+0j),(1.2318290094037678e-07+0j),(1.1149530601489274e-09+0j),(1.5212105223522044e-10+0j),Non_ADHD,F
125,(1.3040425753357755e-08+0j),(5.991020416572615e-09+0j),(8.106773181459512e-09+0j),(9.359845653835672e-10+0j),Non_ADHD,G
126,(17.126143070082815+0j),(1434.4209980929134+0j),(4.7290877202834505+0j),(1.3191461850667643+0j),Non_ADHD,A
127,(1.9035494379778905e-08+0j),(8.839208749072854e-08+0j),(8.909335500028807e-09+0j),(3.259062353607602e-10+0j),Non_ADHD,B
128,(1.103940518940607e-08+0j),(2.0404627078432958e-08+0j),(6.2965566607948974e-09+0j),(2.0884034933077726e-10+0j),Non_ADHD,C
129,(1.108799317415138e-08+0j),(3.930446837026337e-08+0j),(1.183012702423081e-08+0j),(1.261700334607794e-09+0j),Non_ADHD,D
130,(4.416488845879002e-09+0j),(3.5385983042199653e-09+0j),(3.174963956965538e-09+0j),(1.942529673587103e-10+0j),Non_ADHD,E
131,(3.6852514923257346e-09+0j),(1.2318290094037678e-07+0j),(1.1149530601489274e-09+0j),(1.5212105223522044e-10+0j),Non_ADHD,F
132,(1.3040425753357755e-08+0j),(5.991020416572615e-09+0j),(8.106773181459512e-09+0j),(9.359845653835672e-10+0j),Non_ADHD,G
133,(17.126143070082815+0j),(1434.4209980929134+0j),(4.7290877202834505+0j),(1.3191461850667643+0j),Non_ADHD,A
134,(1.9035494379778905e-08+0j),(8.839208749072854e-08+0j),(8.909335500028807e-09+0j),(3.259062353607602e-10+0j),Non_ADHD,B
135,(1.103940518940607e-08+0j),(2.0404627078432958e-08+0j),(6.2965566607948974e-09+0j),(2.0884034933077726e-10+0j),Non_ADHD,C
136,(1.108799317415138e-08+0j),(3.930446837026337e-08+0j),(1.183012702423081e-08+0j),(1.261700334607794e-09+0j),Non_ADHD,D
137,(4.416488845879002e-09+0j),(3.5385983042199653e-09+0j),(3.174963956965538e-09+0j),(1.942529673587103e-10+0j),Non_ADHD,E
138,(3.6852514923257346e-09+0j),(1.2318290094037678e-07+0j),(1.1149530601489274e-09+0j),(1.5212105223522044e-10+0j),Non_ADHD,F
139,(1.3040425753357755e-08+0j),(5.991020416572615e-09+0j),(8.106773181459512e-09+0j),(9.359845653835672e-10+0j),Non_ADHD,G
140,(17.126143070082815+0j),(1434.4209980929134+0j),(4.7290877202834505+0j),(1.3191461850667643+0j),Non_ADHD,A
141,(1.9035494379778905e-08+0j),(8.839208749072854e-08+0j),(8.909335500028807e-09+0j),(3.259062353607602e-10+0j),Non_ADHD,B
142,(1.103940518940607e-08+0j),(2.0404627078432958e-08+0j),(6.2965566607948974e-09+0j),(2.0884034933077726e-10+0j),Non_ADHD,C
143,(1.108799317415138e-08+0j),(3.930446837026337e-08+0j),(1.183012702423081e-08+0j),(1.261700334607794e-09+0j),Non_ADHD,D
144,(4.416488845879002e-09+0j),(3.5385983042199653e-09+0j),(3.174963956965538e-09+0j),(1.942529673587103e-10+0j),Non_ADHD,E
145,(3.6852514923257346e-09+0j),(1.2318290094037678e-07+0j),(1.1149530601489274e-09+0j),(1.5212105223522044e-10+0j),Non_ADHD,F
146,(1.3040425753357755e-08+0j),(5.991020416572615e-09+0j),(8.106773181459512e-09+0j),(9.359845653835672e-10+0j),Non_ADHD,G
147,(17.126143070082815+0j),(1434.4209980929134+0j),(4.7290877202834505+0j),(1.3191461850667643+0j),Non_ADHD,A
148,(1.9035494379778905e-08+0j),(8.839208749072854e-08+0j),(8.909335500028807e-09+0j),(3.259062353607602e-10+0j),Non_ADHD,B
149,(1.103940518940607e-08+0j),(2.0404627078432958e-08+0j),(6.2965566607948974e-09+0j),(2.0884034933077726e-10+0j),Non_ADHD,C
150,(1.108799317415138e-08+0j),(3.930446837026337e-08+0j),(1.183012702423081e-08+0j),(1.261700334607794e-09+0j),Non_ADHD,D
151,(4.416488845879002e-09+0j),(3.5385983042199653e-09+0j),(3.174963956965538e-09+0j),(1.942529673587103e-10+0j),Non_ADHD,E
152,(3.6852514923257346e-09+0j),(1.2318290094037678e-07+0j),(1.1149530601489274e-09+0j),(1.5212105223522044e-10+0j),Non_ADHD,F
153,(1.3040425753357755e-08+0j),(5.991020416572615e-09+0j),(8.106773181459512e-09+0j),(9.359845653835672e-10+0j),Non_ADHD,G
154,(17.126143070082815+0j),(1434.4209980929134+0j),(4.7290877202834505+0j),(1.3191461850667643+0j),Non_ADHD,A
155,(1.9035494379778905e-08+0j),(8.839208749072854e-08+0j),(8.909335500028807e-09+0j),(3.259062353607602e-10+0j),Non_ADHD,B
156,(1.103940518940607e-08+0j),(2.0404627078432958e-08+0j),(6.2965566607948974e-09+0j),(2.0884034933077726e-10+0j),Non_ADHD,C
157,(1.108799317415138e-08+0j),(3.930446837026337e-08+0j),(1.183012702423081e-08+0j),(1.261700334607794e-09+0j),Non_ADHD,D
158,(4.416488845879002e-09+0j),(3.5385983042199653e-09+0j),(3.174963956965538e-09+0j),(1.942529673587103e-10+0j),Non_ADHD,E
159,(3.6852514923257346e-09+0j),(1.2318290094037678e-07+0j),(1.1149530601489274e-09+0j),(1.5212105223522044e-10+0j),Non_ADHD,F
160,(1.3040425753357755e-08+0j),(5.991020416572615e-09+0j),(8.106773181459512e-09+0j),(9.359845653835672e-10+0j),Non_ADHD,G
161,(17.126143070082815+0j),(1434.4209980929134+0j),(4.7290877202834505+0j),(1.3191461850667643+0j),Non_ADHD,A
162,(1.9035494379778905e-08+0j),(8.839208749072854e-08+0j),(8.909335500028807e-09+0j),(3.259062353607602e-10+0j),Non_ADHD,B
163,(1.103940518940607e-08+0j),(2.0404627078432958e-08+0j),(6.2965566607948974e-09+0j),(2.0884034933077726e-10+0j),Non_ADHD,C
164,(1.108799317415138e-08+0j),(3.930446837026337e-08+0j),(1.183012702423081e-08+0j),(1.261700334607794e-09+0j),Non_ADHD,D
165,(4.416488845879002e-09+0j),(3.5385983042199653e-09+0j),(3.174963956965538e-09+0j),(1.942529673587103e-10+0j),Non_ADHD,E
166,(3.6852514923257346e-09+0j),(1.2318290094037678e-07+0j),(1.1149530601489274e-09+0j),(1.5212105223522044e-10+0j),Non_ADHD,F
167,(1.3040425753357755e-08+0j),(5.991020416572615e-09+0j),(8.106773181459512e-09+0j),(9.359845653835672e-10+0j),Non_ADHD,G
168,(17.126143070082815+0j),(1434.4209980929134+0j),(4.7290877202834505+0j),(1.3191461850667643+0j),Non_ADHD,A
169,(1.9035494379778905e-08+0j),(8.839208749072854e-08+0j),(8.909335500028807e-09+0j),(3.259062353607602e-10+0j),Non_ADHD,B
170,(1.103940518940607e-08+0j),(2.0404627078432958e-08+0j),(6.2965566607948974e-09+0j),(2.0884034933077726e-10+0j),Non_ADHD,C
171,(1.108799317415138e-08+0j),(3.930446837026337e-08+0j),(1.183012702423081e-08+0j),(1.261700334607794e-09+0j),Non_ADHD,D
172,(4.416488845879002e-09+0j),(3.5385983042199653e-09+0j),(3.174963956965538e-09+0j),(1.942529673587103e-10+0j),Non_ADHD,E
173,(3.6852514923257346e-09+0j),(1.2318290094037678e-07+0j),(1.1149530601489274e-09+0j),(1.5212105223522044e-10+0j),Non_ADHD,F
174,(1.3040425753357755e-08+0j),(5.991020416572615e-09+0j),(8.106773181459512e-09+0j),(9.359845653835672e-10+0j),Non_ADHD,G
175,(17.126143070082815+0j),(1434.4209980929134+0j),(4.7290877202834505+0j),(1.3191461850667643+0j),Non_ADHD,A
176,(1.9035494379778905e-08+0j),(8.839208749072854e-08+0j),(8.909335500028807e-09+0j),(3.259062353607602e-10+0j),Non_ADHD,B
177,(1.103940518940607e-08+0j),(2.0404627078432958e-08+0j),(6.2965566607948974e-09+0j),(2.0884034933077726e-10+0j),Non_ADHD,C
178,(1.108799317415138e-08+0j),(3.930446837026337e-08+0j),(1.183012702423081e-08+0j),(1.261700334607794e-09+0j),Non_ADHD,D
179,(4.416488845879002e-09+0j),(3.5385983042199653e-09+0j),(3.174963956965538e-09+0j),(1.942529673587103e-10+0j),Non_ADHD,E
180,(3.6852514923257346e-09+0j),(1.2318290094037678e-07+0j),(1.1149530601489274e-09+0j),(1.5212105223522044e-10+0j),Non_ADHD,F
181,(1.3040425753357755e-08+0j),(5.991020416572615e-09+0j),(8.106773181459512e-09+0j),(9.359845653835672e-10+0j),Non_ADHD,G
182,(17.126143070082815+0j),(1434.4209980929134+0j),(4.7290877202834505+0j),(1.3191461850667643+0j),Non_ADHD,A
183,(1.9035494379778905e-08+0j),(8.839208749072854e-08+0j),(8.909335500028807e-09+0j),(3.259062353607602e-10+0j),Non_ADHD,B
184,(1.103940518940607e-08+0j),(2.0404627078432958e-08+0j),(6.2965566607948974e-09+0j),(2.0884034933077726e-10+0j),Non_ADHD,C
185,(1.108799317415138e-08+0j),(3.930446837026337e-08+0j),(1.183012702423081e-08+0j),(1.261700334607794e-09+0j),Non_ADHD,D
186,(4.416488845879002e-09+0j),(3.5385983042199653e-09+0j),(3.174963956965538e-09+0j),(1.942529673587103e-10+0j),Non_ADHD,E
187,(3.6852514923257346e-09+0j),(1.2318290094037678e-07+0j),(1.1149530601489274e-09+0j),(1.5212105223522044e-10+0j),Non_ADHD,F
188,(1.3040425753357755e-08+0j),(5.991020416572615e-09+0j),(8.106773181459512e-09+0j),(9.359845653835672e-10+0j),Non_ADHD,G
189,(17.126143070082815+0j),(1434.4209980929134+0j),(4.7290877202834505+0j),(1.3191461850667643+0j),Non_ADHD,A
190,(1.9035494379778905e-08+0j),(8.839208749072854e-08+0j),(8.909335500028807e-09+0j),(3.259062353607602e-10+0j),Non_ADHD,B
191,(1.103940518940607e-08+0j),(2.0404627078432958e-08+0j),(6.2965566607948974e-09+0j),(2.0884034933077726e-10+0j),Non_ADHD,C
192,(1.108799317415138e-08+0j),(3.930446837026337e-08+0j),(1.183012702423081e-08+0j),(1.261700334607794e-09+0j),Non_ADHD,D
193,(4.416488845879002e-09+0j),(3.5385983042199653e-09+0j),(3.174963956965538e-09+0j),(1.942529673587103e-10+0j),Non_ADHD,E
194,(3.6852514923257346e-09+0j),(1.2318290094037678e-07+0j),(1.1149530601489274e-09+0j),(1.5212105223522044e-10+0j),Non_ADHD,F
195,(1.3040425753357755e-08+0j),(5.991020416572615e-09+0j),(8.106773181459512e-09+0j),(9.359845653835672e-10+0j),Non_ADHD,G
196,(17.126143070082815+0j),(1434.4209980929134+0j),(4.7290877202834505+0j),(1.3191461850667643+0j),Non_ADHD,A
197,(1.9035494379778905e-08+0j),(8.839208749072854e-08+0j),(8.909335500028807e-09+0j),(3.259062353607602e-10+0j),Non_ADHD,B
198,(1.103940518940607e-08+0j),(2.0404627078432958e-08+0j),(6.2965566607948974e-09+0j),(2.0884034933077726e-10+0j),Non_ADHD,C
199,(1.108799317415138e-08+0j),(3.930446837026337e-08+0j),(1.183012702423081e-08+0j),(1.261700334607794e-09+0j),Non_ADHD,D
200,(4.416488845879002e-09+0j),(3.5385983042199653e-09+0j),(3.174963956965538e-09+0j),(1.942529673587103e-10+0j),Non_ADHD,E
201,(3.6852514923257346e-09+0j),(1.2318290094037678e-07+0j),(1.1149530601489274e-09+0j),(1.5212105223522044e-10+0j),Non_ADHD,F
202,(1.3040425753357755e-08+0j),(5.991020416572615e-09+0j),(8.106773181459512e-09+0j),(9.359845653835672e-10+0j),Non_ADHD,G
203,(17.126143070082815+0j),(1434.4209980929134+0j),(4.7290877202834505+0j),(1.3191461850667643+0j),Non_ADHD,A
204,(1.9035494379778905e-08+0j),(8.839208749072854e-08+0j),(8.909335500028807e-09+0j),(3.259062353607602e-10+0j),Non_ADHD,B
205,(1.103940518940607e-08+0j),(2.0404627078432958e-08+0j),(6.2965566607948974e-09+0j),(2.0884034933077726e-10+0j),Non_ADHD,C
206,(1.108799317415138e-08+0j),(3.930446837026337e-08+0j),(1.183012702423081e-08+0j),(1.261700334607794e-09+0j),Non_ADHD,D
207,(4.416488845879002e-09+0j),(3.5385983042199653e-09+0j),(3.174963956965538e-09+0j),(1.942529673587103e-10+0j),Non_ADHD,E
208,(3.6852514923257346e-09+0j),(1.2318290094037678e-07+0j),(1.1149530601489274e-09+0j),(1.5212105223522044e-10+0j),Non_ADHD,F
209,(1.3040425753357755e-08+0j),(5.991020416572615e-09+0j),(8.106773181459512e-09+0j),(9.359845653835672e-10+0j),Non_ADHD,G
210,(17.126143070082815+0j),(1434.4209980929134+0j),(4.7290877202834505+0j),(1.3191461850667643+0j),Non_ADHD,A
211,(1.9035494379778905e-08+0j),(8.839208749072854e-08+0j),(8.909335500028807e-09+0j),(3.259062353607602e-10+0j),Non_ADHD,B
212,(1.103940518940607e-08+0j),(2.0404627078432958e-08+0j),(6.2965566607948974e-09+0j),(2.0884034933077726e-10+0j),Non_ADHD,C
213,(1.108799317415138e-08+0j),(3.930446837026337e-08+0j),(1.183012702423081e-08+0j),(1.261700334607794e-09+0j),Non_ADHD,D
214,(4.416488845879002e-09+0j),(3.5385983042199653e-09+0j),(3.174963956965538e-09+0j),(1.942529673587103e-10+0j),Non_ADHD,E
215,(3.6852514923257346e-09+0j),(1.2318290094037678e-07+0j),(1.1149530601489274e-09+0j),(1.5212105223522044e-10+0j),Non_ADHD,F
216,(1.3040425753357755e-08+0j),(5.991020416572615e-09+0j),(8.106773181459512e-09+0j),(9.359845653835672e-10+0j),Non_ADHD,G
217,(17.126143070082815+0j),(1434.4209980929134+0j),(4.7290877202834505+0j),(1.3191461850667643+0j),Non_ADHD,A
218,(1.9035494379778905e-08+0j),(8.839208749072854e-08+0j),(8.909335500028807e-09+0j),(3.259062353607602e-10+0j),Non_ADHD,B
219,(1.103940518940607e-08+0j),(2.0404627078432958e-08+0j),(6.2965566607948974e-09+0j),(2.0884034933077726e-10+0j),Non_ADHD,C
220,(1.108799317415138e-08+0j),(3.930446837026337e-08+0j),(1.183012702423081e-08+0j),(1.261700334607794e-09+0j),Non_ADHD,D
221,(4.416488845879002e-09+0j),(3.5385983042199653e-09+0j),(3.174963956965538e-09+0j),(1.942529673587103e-10+0j),Non_ADHD,E
222,(3.6852514923257346e-09+0j),(1.2318290094037678e-07+0j),(1.1149530601489274e-09+0j),(1.5212105223522044e-10+0j),Non_ADHD,F
223,(1.3040425753357755e-08+0j),(5.991020416572615e-09+0j),(8.106773181459512e-09+0j),(9.359845653835672e-10+0j),Non_ADHD,G
224,(17.126143070082815+0j),(1434.4209980929134+0j),(4.7290877202834505+0j),(1.3191461850667643+0j),Non_ADHD,A
225,(1.9035494379778905e-08+0j),(8.839208749072854e-08+0j),(8.909335500028807e-09+0j),(3.259062353607602e-10+0j),Non_ADHD,B
226,(1.103940518940607e-08+0j),(2.0404627078432958e-08+0j),(6.2965566607948974e-09+0j),(2.0884034933077726e-10+0j),Non_ADHD,C
227,(1.108799317415138e-08+0j),(3.930446837026337e-08+0j),(1.183012702423081e-08+0j),(1.261700334607794e-09+0j),Non_ADHD,D
228,(4.416488845879002e-09+0j),(3.5385983042199653e-09+0j),(3.174963956965538e-09+0j),(1.942529673587103e-10+0j),Non_ADHD,E
229,(3.6852514923257346e-09+0j),(1.2318290094037678e-07+0j),(1.1149530601489274e-09+0j),(1.5212105223522044e-10+0j),Non_ADHD,F
230,(1.3040425753357755e-08+0j),(5.991020416572615e-09+0j),(8.106773181459512e-09+0j),(9.359845653835672e-10+0j),Non_ADHD,G
231,(17.126143070082815+0j),(1434.4209980929134+0j),(4.7290877202834505+0j),(1.3191461850667643+0j),Non_ADHD,A
232,(1.9035494379778905e-08+0j),(8.839208749072854e-08+0j),(8.909335500028807e-09+0j),(3.259062353607602e-10+0j),Non_ADHD,B
233,(1.103940518940607e-08+0j),(2.0404627078432958e-08+0j),(6.2965566607948974e-09+0j),(2.0884034933077726e-10+0j),Non_ADHD,C
234,(1.108799317415138e-08+0j),(3.930446837026337e-08+0j),(1.183012702423081e-08+0j),(1.261700334607794e-09+0j),Non_ADHD,D
235,(4.416488845879002e-09+0j),(3.5385983042199653e-09+0j),(3.174963956965538e-09+0j),(1.942529673587103e-10+0j),Non_ADHD,E
236,(3.6852514923257346e-09+0j),(1.2318290094037678e-07+0j),(1.1149530601489274e-09+0j),(1.5212105223522044e-10+0j),Non_ADHD,F
237,(1.3040425753357755e-08+0j),(5.991020416572615e-09+0j),(8.106773181459512e-09+0j),(9.359845653835672e-10+0j),Non_ADHD,G
238,(17.126143070082815+0j),(1434.4209980929134+0j),(4.7290877202834505+0j),(1.3191461850667643+0j),Non_ADHD,A
239,(1.9035494379778905e-08+0j),(8.839208749072854e-08+0j),(8.909335500028807e-09+0j),(3.259062353607602e-10+0j),Non_ADHD,B
240,(1.103940518940607e-08+0j),(2.0404627078432958e-08+0j),(6.2965566607948974e-09+0j),(2.0884034933077726e-10+0j),Non_ADHD,C
241,(1.108799317415138e-08+0j),(3.930446837026337e-08+0j),(1.183012702423081e-08+0j),(1.261700334607794e-09+0j),Non_ADHD,D
242,(4.416488845879002e-09+0j),(3.5385983042199653e-09+0j),(3.174963956965538e-09+0j),(1.942529673587103e-10+0j),Non_ADHD,E
243,(3.6852514923257346e-09+0j),(1.2318290094037678e-07+0j),(1.1149530601489274e-09+0j),(1.5212105223522044e-10+0j),Non_ADHD,F
244,(1.3040425753357755e-08+0j),(5.991020416572615e-09+0j),(8.106773181459512e-09+0j),(9.359845653835672e-10+0j),Non_ADHD,G
245,(17.126143070082815+0j),(1434.4209980929134+0j),(4.7290877202834505+0j),(1.3191461850667643+0j),Non_ADHD,A
246,(1.9035494379778905e-08+0j),(8.839208749072854e-08+0j),(8.909335500028807e-09+0j),(3.259062353607602e-10+0j),Non_ADHD,B
247,(1.103940518940607e-08+0j),(2.0404627078432958e-08+0j),(6.2965566607948974e-09+0j),(2.0884034933077726e-10+0j),Non_ADHD,C
248,(1.108799317415138e-08+0j),(3.930446837026337e-08+0j),(1.183012702423081e-08+0j),(1.261700334607794e-09+0j),Non_ADHD,D
249,(4.416488845879002e-09+0j),(3.5385983042199653e-09+0j),(3.174963956965538e-09+0j),(1.942529673587103e-10+0j),Non_ADHD,E
250,(3.6852514923257346e-09+0j),(1.2318290094037678e-07+0j),(1.1149530601489274e-09+0j),(1.5212105223522044e-10+0j),Non_ADHD,F
251,(1.3040425753357755e-08+0j),(5.991020416572615e-09+0j),(8.106773181459512e-09+0j),(9.359845653835672e-10+0j),Non_ADHD,G
252,(17.126143070082815+0j),(1434.4209980929134+0j),(4.7290877202834505+0j),(1.3191461850667643+0j),Non_ADHD,A
253,(1.9035494379778905e-08+0j),(8.839208749072854e-08+0j),(8.909335500028807e-09+0j),(3.259062353607602e-10+0j),Non_ADHD,B
254,(1.103940518940607e-08+0j),(2.0404627078432958e-08+0j),(6.2965566607948974e-09+0j),(2.0884034933077726e-10+0j),Non_ADHD,C
255,(1.108799317415138e-08+0j),(3.930446837026337e-08+0j),(1.183012702423081e-08+0j),(1.261700334607794e-09+0j),Non_ADHD,D
256,(4.416488845879002e-09+0j),(3.5385983042199653e-09+0j),(3.174963956965538e-09+0j),(1.942529673587103e-10+0j),Non_ADHD,E
257,(3.6852514923257346e-09+0j),(1.2318290094037678e-07+0j),(1.1149530601489274e-09+0j),(1.5212105223522044e-10+0j),Non_ADHD,F
258,(1.3040425753357755e-08+0j),(5.991020416572615e-09+0j),(8.106773181459512e-09+0j),(9.359845653835672e-10+0j),Non_ADHD,G
259,(17.126143070082815+0j),(1434.4209980929134+0j),(4.7290877202834505+0j),(1.3191461850667643+0j),Non_ADHD,A
260,(1.9035494379778905e-08+0j),(8.839208749072854e-08+0j),(8.909335500028807e-09+0j),(3.259062353607602e-10+0j),Non_ADHD,B
261,(1.103940518940607e-08+0j),(2.0404627078432958e-08+0j),(6.2965566607948974e-09+0j),(2.0884034933077726e-10+0j),Non_ADHD,C
262,(1.108799317415138e-08+0j),(3.930446837026337e-08+0j),(1.183012702423081e-08+0j),(1.261700334607794e-09+0j),Non_ADHD,D
263,(4.416488845879002e-09+0j),(3.5385983042199653e-09+0j),(3.174963956965538e-09+0j),(1.942529673587103e-10+0j),Non_ADHD,E
264,(3.6852514923257346e-09+0j),(1.2318290094037678e-07+0j),(1.1149530601489274e-09+0j),(1.5212105223522044e-10+0j),Non_ADHD,F
265,(1.3040425753357755e-08+0j),(5.991020416572615e-09+0j),(8.106773181459512e-09+0j),(9.359845653835672e-10+0j),Non_ADHD,G
266,(17.126143070082815+0j),(1434.4209980929134+0j),(4.7290877202834505+0j),(1.3191461850667643+0j),Non_ADHD,A
267,(1.9035494379778905e-08+0j),(8.839208749072854e-08+0j),(8.909335500028807e-09+0j),(3.259062353607602e-10+0j),Non_ADHD,B
268,(1.103940518940607e-08+0j),(2.0404627078432958e-08+0j),(6.2965566607948974e-09+0j),(2.0884034933077726e-10+0j),Non_ADHD,C
269,(1.108799317415138e-08+0j),(3.930446837026337e-08+0j),(1.183012702423081e-08+0j),(1.261700334607794e-09+0j),Non_ADHD,D
270,(4.416488845879002e-09+0j),(3.5385983042199653e-09+0j),(3.174963956965538e-09+0j),(1.942529673587103e-10+0j),Non_ADHD,E
271,(3.6852514923257346e-09+0j),(1.2318290094037678e-07+0j),(1.1149530601489274e-09+0j),(1.5212105223522044e-10+0j),Non_ADHD,F
272,(1.3040425753357755e-08+0j),(5.991020416572615e-09+0j),(8.106773181459512e-09+0j),(9.359845653835672e-10+0j),Non_ADHD,G
273,(17.126143070082815+0j),(1434.4209980929134+0j),(4.7290877202834505+0j),(1.3191461850667643+0j),Non_ADHD,A
274,(1.9035494379778905e-08+0j),(8.839208749072854e-08+0j),(8.909335500028807e-09+0j),(3.259062353607602e-10+0j),Non_ADHD,B
275,(1.103940518940607e-08+0j),(2.0404627078432958e-08+0j),(6.2965566607948974e-09+0j),(2.0884034933077726e-10+0j),Non_ADHD,C
276,(1.108799317415138e-08+0j),(3.930446837026337e-08+0j),(1.183012702423081e-08+0j),(1.261700334607794e-09+0j),Non_ADHD,D
277,(4.416488845879002e-09+0j),(3.5385983042199653e-09+0j),(3.174963956965538e-09+0j),(1.942529673587103e-10+0j),Non_ADHD,E
278,(3.6852514923257346e-09+0j),(1.2318290094037678e-07+0j),(1.1149530601489274e-09+0j),(1.5212105223522044e-10+0j),Non_ADHD,F
279,(1.3040425753357755e-08+0j),(5.991020416572615e-09+0j),(8.106773181459512e-09+0j),(9.359845653835672e-10+0j),Non_ADHD,G
280,(17.126143070082815+0j),(1434.4209980929134+0j),(4.7290877202834505+0j),(1.3191461850667643+0j),Non_ADHD,A
281,(1.9035494379778905e-08+0j),(8.839208749072854e-08+0j),(8.909335500028807e-09+0j),(3.259062353607602e-10+0j),Non_ADHD,B
282,(1.103940518940607e-08+0j),(2.0404627078432958e-08+0j),(6.2965566607948974e-09+0j),(2.0884034933077726e-10+0j),Non_ADHD,C
283,(1.108799317415138e-08+0j),(3.930446837026337e-08+0j),(1.183012702423081e-08+0j),(1.261700334607794e-09+0j),Non_ADHD,D
284,(4.416488845879002e-09+0j),(3.5385983042199653e-09+0j),(3.174963956965538e-09+0j),(1.942529673587103e-10+0j),Non_ADHD,E
285,(3.6852514923257346e-09+0j),(1.2318290094037678e-07+0j),(1.1149530601489274e-09+0j),(1.5212105223522044e-10+0j),Non_ADHD,F
286,(1.3040425753357755e-08+0j),(5.991020416572615e-09+0j),(8.106773181459512e-09+0j),(9.359845653835672e-10+0j),Non_ADHD,G
287,(17.126143070082815+0j),(1434.4209980929134+0j),(4.7290877202834505+0j),(1.3191461850667643+0j),Non_ADHD,A
288,(1.9035494379778905e-08+0j),(8.839208749072854e-08+0j),(8.909335500028807e-09+0j),(3.259062353607602e-10+0j),Non_ADHD,B
289,(1.103940518940607e-08+0j),(2.0404627078432958e-08+0j),(6.2965566607948974e-09+0j),(2.0884034933077726e-10+0j),Non_ADHD,C
290,(1.108799317415138e-08+0j),(3.930446837026337e-08+0j),(1.183012702423081e-08+0j),(1.261700334607794e-09+0j),Non_ADHD,D
291,(4.416488845879002e-09+0j),(3.5385983042199653e-09+0j),(3.174963956965538e-09+0j),(1.942529673587103e-10+0j),Non_ADHD,E
292,(3.6852514923257346e-09+0j),(1.2318290094037678e-07+0j),(1.1149530601489274e-09+0j),(1.5212105223522044e-10+0j),Non_ADHD,F
293,(1.3040425753357755e-08+0j),(5.991020416572615e-09+0j),(8.106773181459512e-09+0j),(9.359845653835672e-10+0j),Non_ADHD,G
294,(17.126143070082815+0j),(1434.4209980929134+0j),(4.7290877202834505+0j),(1.3191461850667643+0j),Non_ADHD,A
295,(1.9035494379778905e-08+0j),(8.839208749072854e-08+0j),(8.909335500028807e-09+0j),(3.259062353607602e-10+0j),Non_ADHD,B
296,(1.103940518940607e-08+0j),(2.0404627078432958e-08+0j),(6.2965566607948974e-09+0j),(2.0884034933077726e-10+0j),Non_ADHD,C
297,(1.108799317415138e-08+0j),(3.930446837026337e-08+0j),(1.183012702423081e-08+0j),(1.261700334607794e-09+0j),Non_ADHD,D
298,(4.416488845879002e-09+0j),(3.5385983042199653e-09+0j),(3.174963956965538e-09+0j),(1.942529673587103e-10+0j),Non_ADHD,E
299,(3.6852514923257346e-09+0j),(1.2318290094037678e-07+0j),(1.1149530601489274e-09+0j),(1.5212105223522044e-10+0j),Non_ADHD,F
300,(1.3040425753357755e-08+0j),(5.991020416572615e-09+0j),(8.106773181459512e-09+0j),(9.359845653835672e-10+0j),Non_ADHD,G
301,(17.126143070082815+0j),(1434.4209980929134+0j),(4.7290877202834505+0j),(1.3191461850667643+0j),Non_ADHD,A
302,(1.9035494379778905e-08+0j),(8.839208749072854e-08+0j),(8.909335500028807e-09+0j),(3.259062353607602e-10+0j),Non_ADHD,B
303,(1.103940518940607e-08+0j),(2.0404627078432958e-08+0j),(6.2965566607948974e-09+0j),(2.0884034933077726e-10+0j),Non_ADHD,C
304,(1.108799317415138e-08+0j),(3.930446837026337e-08+0j),(1.183012702423081e-08+0j),(1.261700334607794e-09+0j),Non_ADHD,D
305,(4.416488845879002e-09+0j),(3.5385983042199653e-09+0j),(3.174963956965538e-09+0j),(1.942529673587103e-10+0j),Non_ADHD,E
306,(3.6852514923257346e-09+0j),(1.2318290094037678e-07+0j),(1.1149530601489274e-09+0j),(1.5212105223522044e-10+0j),Non_ADHD,F
307,(1.3040425753357755e-08+0j),(5.991020416572615e-09+0j),(8.106773181459512e-09+0j),(9.359845653835672e-10+0j),Non_ADHD,G
308,(17.126143070082815+0j),(1434.4209980929134+0j),(4.7290877202834505+0j),(1.3191461850667643+0j),Non_ADHD,A
309,(1.9035494379778905e-08+0j),(8.839208749072854e-08+0j),(8.909335500028807e-09+0j),(3.259062353607602e-10+0j),Non_ADHD,B
310,(1.103940518940607e-08+0j),(2.0404627078432958e-08+0j),(6.2965566607948974e-09+0j),(2.0884034933077726e-10+0j),Non_ADHD,C
311,(1.108799317415138e-08+0j),(3.930446837026337e-08+0j),(1.183012702423081e-08+0j),(1.261700334607794e-09+0j),Non_ADHD,D
312,(4.416488845879002e-09+0j),(3.5385983042199653e-09+0j),(3.174963956965538e-09+0j),(1.942529673587103e-10+0j),Non_ADHD,E
313,(3.6852514923257346e-09+0j),(1.2318290094037678e-07+0j),(1.1149530601489274e-09+0j),(1.5212105223522044e-10+0j),Non_ADHD,F
314,(1.3040425753357755e-08+0j),(5.991020416572615e-09+0j),(8.106773181459512e-09+0j),(9.359845653835672e-10+0j),Non_ADHD,G
315,(17.126143070082815+0j),(1434.4209980929134+0j),(4.7290877202834505+0j),(1.3191461850667643+0j),Non_ADHD,A
316,(1.9035494379778905e-08+0j),(8.839208749072854e-08+0j),(8.909335500028807e-09+0j),(3.259062353607602e-10+0j),Non_ADHD,B
317,(1.103940518940607e-08+0j),(2.0404627078432958e-08+0j),(6.2965566607948974e-09+0j),(2.0884034933077726e-10+0j),Non_ADHD,C
318,(1.108799317415138e-08+0j),(3.930446837026337e-08+0j),(1.183012702423081e-08+0j),(1.261700334607794e-09+0j),Non_ADHD,D
319,(4.416488845879002e-09+0j),(3.5385983042199653e-09+0j),(3.174963956965538e-09+0j),(1.942529673587103e-10+0j),Non_ADHD,E
320,(3.6852514923257346e-09+0j),(1.2318290094037678e-07+0j),(1.1149530601489274e-09+0j),(1.5212105223522044e-10+0j),Non_ADHD,F
321,(1.3040425753357755e-08+0j),(5.991020416572615e-09+0j),(8.106773181459512e-09+0j),(9.359845653835672e-10+0j),Non_ADHD,G
322,(17.126143070082815+0j),(1434.4209980929134+0j),(4.7290877202834505+0j),(1.3191461850667643+0j),Non_ADHD,A
323,(1.9035494379778905e-08+0j),(8.839208749072854e-08+0j),(8.909335500028807e-09+0j),(3.259062353607602e-10+0j),Non_ADHD,B
324,(1.103940518940607e-08+0j),(2.0404627078432958e-08+0j),(6.2965566607948974e-09+0j),(2.0884034933077726e-10+0j),Non_ADHD,C
325,(1.108799317415138e-08+0j),(3.930446837026337e-08+0j),(1.183012702423081e-08+0j),(1.261700334607794e-09+0j),Non_ADHD,D
326,(4.416488845879002e-09+0j),(3.5385983042199653e-09+0j),(3.174963956965538e-09+0j),(1.942529673587103e-10+0j),Non_ADHD,E
327,(3.6852514923257346e-09+0j),(1.2318290094037678e-07+0j),(1.1149530601489274e-09+0j),(1.5212105223522044e-10+0j),Non_ADHD,F
328,(1.3040425753357755e-08+0j),(5.991020416572615e-09+0j),(8.106773181459512e-09+0j),(9.359845653835672e-10+0j),Non_ADHD,G
329,(17.126143070082815+0j),(1434.4209980929134+0j),(4.7290877202834505+0j),(1.3191461850667643+0j),Non_ADHD,A
330,(1.9035494379778905e-08+0j),(8.839208749072854e-08+0j),(8.909335500028807e-09+0j),(3.259062353607602e-10+0j),Non_ADHD,B
331,(1.103940518940607e-08+0j),(2.0404627078432958e-08+0j),(6.2965566607948974e-09+0j),(2.0884034933077726e-10+0j),Non_ADHD,C
332,(1.108799317415138e-08+0j),(3.930446837026337e-08+0j),(1.183012702423081e-08+0j),(1.261700334607794e-09+0j),Non_ADHD,D
333,(4.416488845879002e-09+0j),(3.5385983042199653e-09+0j),(3.174963956965538e-09+0j),(1.942529673587103e-10+0j),Non_ADHD,E
334,(3.6852514923257346e-09+0j),(1.2318290094037678e-07+0j),(1.1149530601489274e-09+0j),(1.5212105223522044e-10+0j),Non_ADHD,F
335,(1.3040425753357755e-08+0j),(5.991020416572615e-09+0j),(8.106773181459512e-09+0j),(9.359845653835672e-10+0j),Non_ADHD,G
336,(17.126143070082815+0j),(1434.4209980929134+0j),(4.7290877202834505+0j),(1.3191461850667643+0j),Non_ADHD,A
337,(1.9035494379778905e-08+0j),(8.839208749072854e-08+0j),(8.909335500028807e-09+0j),(3.259062353607602e-10+0j),Non_ADHD,B
338,(1.103940518940607e-08+0j),(2.0404627078432958e-08+0j),(6.2965566607948974e-09+0j),(2.0884034933077726e-10+0j),Non_ADHD,C
339,(1.108799317415138e-08+0j),(3.930446837026337e-08+0j),(1.183012702423081e-08+0j),(1.261700334607794e-09+0j),Non_ADHD,D
340,(4.416488845879002e-09+0j),(3.5385983042199653e-09+0j),(3.174963956965538e-09+0j),(1.942529673587103e-10+0j),Non_ADHD,E
341,(3.6852514923257346e-09+0j),(1.2318290094037678e-07+0j),(1.1149530601489274e-09+0j),(1.5212105223522044e-10+0j),Non_ADHD,F
342,(1.3040425753357755e-08+0j),(5.991020416572615e-09+0j),(8.106773181459512e-09+0j),(9.359845653835672e-10+0j),Non_ADHD,G
343,(17.126143070082815+0j),(1434.4209980929134+0j),(4.7290877202834505+0j),(1.3191461850667643+0j),Non_ADHD,A
344,(1.9035494379778905e-08+0j),(8.839208749072854e-08+0j),(8.909335500028807e-09+0j),(3.259062353607602e-10+0j),Non_ADHD,B
345,(1.103940518940607e-08+0j),(2.0404627078432958e-08+0j),(6.2965566607948974e-09+0j),(2.0884034933077726e-10+0j),Non_ADHD,C
346,(1.108799317415138e-08+0j),(3.930446837026337e-08+0j),(1.183012702423081e-08+0j),(1.261700334607794e-09+0j),Non_ADHD,D
347,(4.416488845879002e-09+0j),(3.5385983042199653e-09+0j),(3.174963956965538e-09+0j),(1.942529673587103e-10+0j),Non_ADHD,E
348,(3.6852514923257346e-09+0j),(1.2318290094037678e-07+0j),(1.1149530601489274e-09+0j),(1.5212105223522044e-10+0j),Non_ADHD,F
349,(1.3040425753357755e-08+0j),(5.991020416572615e-09+0j),(8.106773181459512e-09+0j),(9.359845653835672e-10+0j),Non_ADHD,G
350,(17.126143070082815+0j),(1434.4209980929134+0j),(4.7290877202834505+0j),(1.3191461850667643+0j),Non_ADHD,A
351,(1.9035494379778905e-08+0j),(8.839208749072854e-08+0j),(8.909335500028807e-09+0j),(3.259062353607602e-10+0j),Non_ADHD,B
352,(1.103940518940607e-08+0j),(2.0404627078432958e-08+0j),(6.2965566607948974e-09+0j),(2.0884034933077726e-10+0j),Non_ADHD,C
353,(1.108799317415138e-08+0j),(3.930446837026337e-08+0j),(1.183012702423081e-08+0j),(1.261700334607794e-09+0j),Non_ADHD,D
354,(4.416488845879002e-09+0j),(3.5385983042199653e-09+0j),(3.174963956965538e-09+0j),(1.942529673587103e-10+0j),Non_ADHD,E
355,(3.6852514923257346e-09+0j),(1.2318290094037678e-07+0j),(1.1149530601489274e-09+0j),(1.5212105223522044e-10+0j),Non_ADHD,F
356,(1.3040425753357755e-08+0j),(5.991020416572615e-09+0j),(8.106773181459512e-09+0j),(9.359845653835672e-10+0j),Non_ADHD,G
357,(17.126143070082815+0j),(1434.4209980929134+0j),(4.7290877202834505+0j),(1.3191461850667643+0j),Non_ADHD,A
358,(1.9035494379778905e-08+0j),(8.839208749072854e-08+0j),(8.909335500028807e-09+0j),(3.259062353607602e-10+0j),Non_ADHD,B
359,(1.103940518940607e-08+0j),(2.0404627078432958e-08+0j),(6.2965566607948974e-09+0j),(2.0884034933077726e-10+0j),Non_ADHD,C
360,(1.108799317415138e-08+0j),(3.930446837026337e-08+0j),(1.183012702423081e-08+0j),(1.261700334607794e-09+0j),Non_ADHD,D
361,(4.416488845879002e-09+0j),(3.5385983042199653e-09+0j),(3.174963956965538e-09+0j),(1.942529673587103e-10+0j),Non_ADHD,E
362,(3.6852514923257346e-09+0j),(1.2318290094037678e-07+0j),(1.1149530601489274e-09+0j),(1.5212105223522044e-10+0j),Non_ADHD,F
363,(1.3040425753357755e-08+0j),(5.991020416572615e-09+0j),(8.106773181459512e-09+0j),(9.359845653835672e-10+0j),Non_ADHD,G
364,(17.126143070082815+0j),(1434.4209980929134+0j),(4.7290877202834505+0j),(1.3191461850667643+0j),Non_ADHD,A
365,(1.9035494379778905e-08+0j),(8.839208749072854e-08+0j),(8.909335500028807e-09+0j),(3.259062353607602e-10+0j),Non_ADHD,B
366,(1.103940518940607e-08+0j),(2.0404627078432958e-08+0j),(6.2965566607948974e-09+0j),(2.0884034933077726e-10+0j),Non_ADHD,C
367,(1.108799317415138e-08+0j),(3.930446837026337e-08+0j),(1.183012702423081e-08+0j),(1.261700334607794e-09+0j),Non_ADHD,D
368,(4.416488845879002e-09+0j),(3.5385983042199653e-09+0j),(3.174963956965538e-09+0j),(1.942529673587103e-10+0j),Non_ADHD,E
369,(3.6852514923257346e-09+0j),(1.2318290094037678e-07+0j),(1.1149530601489274e-09+0j),(1.5212105223522044e-10+0j),Non_ADHD,F
370,(1.3040425753357755e-08+0j),(5.991020416572615e-09+0j),(8.106773181459512e-09+0j),(9.359845653835672e-10+0j),Non_ADHD,G
371,(17.126143070082815+0j),(1434.4209980929134+0j),(4.7290877202834505+0j),(1.3191461850667643+0j),Non_ADHD,A
372,(1.9035494379778905e-08+0j),(8.839208749072854e-08+0j),(8.909335500028807e-09+0j),(3.259062353607602e-10+0j),Non_ADHD,B
373,(1.103940518940607e-08+0j),(2.0404627078432958e-08+0j),(6.2965566607948974e-09+0j),(2.0884034933077726e-10+0j),Non_ADHD,C
374,(1.108799317415138e-08+0j),(3.930446837026337e-08+0j),(1.183012702423081e-08+0j),(1.261700334607794e-09+0j),Non_ADHD,D
375,(4.416488845879002e-09+0j),(3.5385983042199653e-09+0j),(3.174963956965538e-09+0j),(1.942529673587103e-10+0j),Non_ADHD,E
376,(3.6852514923257346e-09+0j),(1.2318290094037678e-07+0j),(1.1149530601489274e-09+0j),(1.5212105223522044e-10+0j),Non_ADHD,F
377,(1.3040425753357755e-08+0j),(5.991020416572615e-09+0j),(8.106773181459512e-09+0j),(9.359845653835672e-10+0j),Non_ADHD,G
378,(17.126143070082815+0j),(1434.4209980929134+0j),(4.7290877202834505+0j),(1.3191461850667643+0j),Non_ADHD,A
379,(1.9035494379778905e-08+0j),(8.839208749072854e-08+0j),(8.909335500028807e-09+0j),(3.259062353607602e-10+0j),Non_ADHD,B
380,(1.103940518940607e-08+0j),(2.0404627078432958e-08+0j),(6.2965566607948974e-09+0j),(2.0884034933077726e-10+0j),Non_ADHD,C
381,(1.108799317415138e-08+0j),(3.930446837026337e-08+0j),(1.183012702423081e-08+0j),(1.261700334607794e-09+0j),Non_ADHD,D
382,(4.416488845879002e-09+0j),(3.5385983042199653e-09+0j),(3.174963956965538e-09+0j),(1.942529673587103e-10+0j),Non_ADHD,E
383,(3.6852514923257346e-09+0j),(1.2318290094037678e-07+0j),(1.1149530601489274e-09+0j),(1.5212105223522044e-10+0j),Non_ADHD,F
384,(1.3040425753357755e-08+0j),(5.991020416572615e-09+0j),(8.106773181459512e-09+0j),(9.359845653835672e-10+0j),Non_ADHD,G
385,(17.126143070082815+0j),(1434.4209980929134+0j),(4.7290877202834505+0j),(1.3191461850667643+0j),Non_ADHD,A
386,(1.9035494379778905e-08+0j),(8.839208749072854e-08+0j),(8.909335500028807e-09+0j),(3.259062353607602e-10+0j),Non_ADHD,B
387,(1.103940518940607e-08+0j),(2.0404627078432958e-08+0j),(6.2965566607948974e-09+0j),(2.0884034933077726e-10+0j),Non_ADHD,C
388,(1.108799317415138e-08+0j),(3.930446837026337e-08+0j),(1.183012702423081e-08+0j),(1.261700334607794e-09+0j),Non_ADHD,D
389,(4.416488845879002e-09+0j),(3.5385983042199653e-09+0j),(3.174963956965538e-09+0j),(1.942529673587103e-10+0j),Non_ADHD,E
390,(3.6852514923257346e-09+0j),(1.2318290094037678e-07+0j),(1.1149530601489274e-09+0j),(1.5212105223522044e-10+0j),Non_ADHD,F
391,(1.3040425753357755e-08+0j),(5.991020416572615e-09+0j),(8.106773181459512e-09+0j),(9.359845653835672e-10+0j),Non_ADHD,G
392,(17.126143070082815+0j),(1434.4209980929134+0j),(4.7290877202834505+0j),(1.3191461850667643+0j),Non_ADHD,A
393,(1.9035494379778905e-08+0j),(8.839208749072854e-08+0j),(8.909335500028807e-09+0j),(3.259062353607602e-10+0j),Non_ADHD,B
394,(1.103940518940607e-08+0j),(2.0404627078432958e-08+0j),(6.2965566607948974e-09+0j),(2.0884034933077726e-10+0j),Non_ADHD,C
395,(1.108799317415138e-08+0j),(3.930446837026337e-08+0j),(1.183012702423081e-08+0j),(1.261700334607794e-09+0j),Non_ADHD,D
396,(4.416488845879002e-09+0j),(3.5385983042199653e-09+0j),(3.174963956965538e-09+0j),(1.942529673587103e-10+0j),Non_ADHD,E
397,(3.6852514923257346e-09+0j),(1.2318290094037678e-07+0j),(1.1149530601489274e-09+0j),(1.5212105223522044e-10+0j),Non_ADHD,F
398,(1.3040425753357755e-08+0j),(5.991020416572615e-09+0j),(8.106773181459512e-09+0j),(9.359845653835672e-10+0j),Non_ADHD,G
399,(17.126143070082815+0j),(1434.4209980929134+0j),(4.7290877202834505+0j),(1.3191461850667643+0j),Non_ADHD,A
400,(1.9035494379778905e-08+0j),(8.839208749072854e-08+0j),(8.909335500028807e-09+0j),(3.259062353607602e-10+0j),Non_ADHD,B
401,(1.103940518940607e-08+0j),(2.0404627078432958e-08+0j),(6.2965566607948974e-09+0j),(2.0884034933077726e-10+0j),Non_ADHD,C
402,(1.108799317415138e-08+0j),(3.930446837026337e-08+0j),(1.183012702423081e-08+0j),(1.261700334607794e-09+0j),Non_ADHD,D
403,(4.416488845879002e-09+0j),(3.5385983042199653e-09+0j),(3.174963956965538e-09+0j),(1.942529673587103e-10+0j),Non_ADHD,E
404,(3.6852514923257346e-09+0j),(1.2318290094037678e-07+0j),(1.1149530601489274e-09+0j),(1.5212105223522044e-10+0j),Non_ADHD,F
405,(1.3040425753357755e-08+0j),(5.991020416572615e-09+0j),(8.106773181459512e-09+0j),(9.359845653835672e-10+0j),Non_ADHD,G
406,(17.126143070082815+0j),(1434.4209980929134+0j),(4.7290877202834505+0j),(1.3191461850667643+0j),Non_ADHD,A
407,(1.9035494379778905e-08+0j),(8.839208749072854e-08+0j),(8.909335500028807e-09+0j),(3.259062353607602e-10+0j),Non_ADHD,B
408,(1.103940518940607e-08+0j),(2.0404627078432958e-08+0j),(6.2965566607948974e-09+0j),(2.0884034933077726e-10+0j),Non_ADHD,C
409,(1.108799317415138e-08+0j),(3.930446837026337e-08+0j),(1.183012702423081e-08+0j),(1.261700334607794e-09+0j),Non_ADHD,D
410,(4.416488845879002e-09+0j),(3.5385983042199653e-09+0j),(3.174963956965538e-09+0j),(1.942529673587103e-10+0j),Non_ADHD,E
411,(3.6852514923257346e-09+0j),(1.2318290094037678e-07+0j),(1.1149530601489274e-09+0j),(1.5212105223522044e-10+0j),Non_ADHD,F
412,(1.3040425753357755e-08+0j),(5.991020416572615e-09+0j),(8.106773181459512e-09+0j),(9.359845653835672e-10+0j),Non_ADHD,G
413,(17.126143070082815+0j),(1434.4209980929134+0j),(4.7290877202834505+0j),(1.3191461850667643+0j),Non_ADHD,A
414,(1.9035494379778905e-08+0j),(8.839208749072854e-08+0j),(8.909335500028807e-09+0j),(3.259062353607602e-10+0j),Non_ADHD,B
415,(1.103940518940607e-08+0j),(2.0404627078432958e-08+0j),(6.2965566607948974e-09+0j),(2.0884034933077726e-10+0j),Non_ADHD,C
416,(1.108799317415138e-08+0j),(3.930446837026337e-08+0j),(1.183012702423081e-08+0j),(1.261700334607794e-09+0j),Non_ADHD,D
417,(4.416488845879002e-09+0j),(3.5385983042199653e-09+0j),(3.174963956965538e-09+0j),(1.942529673587103e-10+0j),Non_ADHD,E
418,(3.6852514923257346e-09+0j),(1.2318290094037678e-07+0j),(1.1149530601489274e-09+0j),(1.5212105223522044e-10+0j),Non_ADHD,F
419,(1.3040425753357755e-08+0j),(5.991020416572615e-09+0j),(8.106773181459512e-09+0j),(9.359845653835672e-10+0j),Non_ADHD,G
